{
"PROJECT_NAME":"H3Jacobi"
,"ZR2R1":false
,"ZEMBED":false
,"ZTRAN":true
,"ZPFUN":true
,"NCOORD":3
,"NPNT2":21
,"JROT":0
,"NEVAL":400
,"NALF":36
,"MAX2D":1000
,"MAX3D":2000
,"IDIA":2
,"KMIN":1
,"NPNT1":20
,"IPAR":1
,"TITLE":" H3+: J=0"
,"XMASS(1)":1.007537200
,"XMASS(2)":1.007537200
,"XMASS(3)":1.007537200
,"XMASSR(1)":1.007276470
,"XMASSR(2)":1.007276470
,"XMASSR(3)":1.007276470
,"EMAX1":66000.000
,"EMAX2":45000.000000
,"RE1":2.1000
,"DISS1":0.10000
,"WE1":0.0118
,"RE2":1.7100
,"DISS2":0.2600
,"WE2":0.0090
,"EZERO":4362.208278
}